3-Jul-25,27:01.6,CME,ZN Sep25,B,1,111'075,F,TT SIM,Trading,Eric,Eric,33f120f9-1c34-4508-a651-7a8172775e42,
3-Jul-25,41:57.3,CME,ZN Sep25,B,2,111'085,F,TT SIM,Trading,Eric,Eric,f5368272-922e-4bee-8197-1ff0e433b2fb,
3-Jul-25,41:00.0,CME,ZN Sep25,B,1,111'085,F,TT SIM,Trading,Eric,Eric,1ce3510b-4347-4707-8b52-e283b11b9e13,
3-Jul-25,56:47.1,CME,ZN Sep25,B,1,111'070,F,TT SIM,Trading,Eric,Eric,ee8254a5-a339-482d-ac0a-f129ecc1ef24,
3-Jul-25,47:13.6,CME,ZN Sep25,B,1,111'070,F,TT SIM,Trading,Eric,Eric,b80bbe1b-f7d7-434a-a432-2779d6a7e06a,
3-Jul-25,10:46.4,CME,ZN Sep25,B,1,111'065,F,TT SIM,Trading,Eric,Eric,2d1171d9-dd9a-475b-ac47-c719ef37476d,
3-Jul-25,07:50.2,CME,ZN Sep25,S,3,111'060,F,TT SIM,Trading,Eric,Eric,ef12f541-d028-4939-b638-c0bab6c2abca,
3-Jul-25,24:16.3,CME,ZN Sep25,S,1,111'055,F,TT SIM,Trading,Eric,Eric,dc5f9265-82e1-4751-9e62-a9ce023afd68,
3-Jul-25,37:10.5,CME,ZN Sep25,S,2,111'075,F,TT SIM,Trading,Eric,Eric,91649894-23bc-4d61-96e3-300033ef6241,
3-Jul-25,29:09.5,CME,ZN Sep25,S,20,111'080,F,TT SIM,Trading,Eric,Eric,b44cb343-844b-4b6b-a734-bd093cbc8278,
2-Jul-25,06:12.1,CME,ZN Sep25,S,987,111'240,F,TT SIM,Trading,Eric,Eric,ae9ecfb0-aa7a-4080-8fe3-7049e723b271,
2-Jul-25,06:12.1,CME,ZN Sep25,S,13,111'245,P,TT SIM,Trading,Eric,Eric,ae9ecfb0-aa7a-4080-8fe3-7049e723b271,
2-Jul-25,05:44.9,CME,ZN Sep25,S,440,111'240,F,TT SIM,Trading,Eric,Eric,c1544b40-39a1-4f94-a7e7-20b96fdffaec,
2-Jul-25,05:44.9,CME,ZN Sep25,S,1027,111'245,P,TT SIM,Trading,Eric,Eric,c1544b40-39a1-4f94-a7e7-20b96fdffaec,
2-Jul-25,08:12.8,CME,ZN Sep25,S,5,111'245,F,TT SIM,Trading,Eric,Eric,c0a23af6-873a-4104-b009-e563347830e8,
2-Jul-25,52:54.4,CME,ZN Sep25,S,1,111'230,F,TT SIM,Trading,Eric,Eric,d3a3ee02-3d76-41ef-9f22-735a5d0fb7d8,
2-Jul-25,33:32.2,CME,ZN Sep25,S,2,111'230,F,TT SIM,Trading,Eric,Eric,b75ff393-b830-4f29-822e-fb8a7064e009,
2-Jul-25,27:54.2,CME,ZN Sep25,S,3,111'230,F,TT SIM,Trading,Eric,Eric,d11e6a7e-3d7d-441b-9a2d-792fe77dc092,
2-Jul-25,27:51.2,CME,ZN Sep25,S,2,111'230,F,TT SIM,Trading,Eric,Eric,3f579a33-0a60-4d5a-b7fb-62f5cb0c3916,
2-Jul-25,27:47.2,CME,ZN Sep25,S,1,111'230,F,TT SIM,Trading,Eric,Eric,b03c364f-ac84-481d-88db-0334c38d1dee,
2-Jul-25,02:06.2,CME,ZN Sep25,B,1,111'235,F,TT SIM,Trading,Eric,Eric,ace676b6-bb7c-4c74-91cc-b5c0179ae0d2,
2-Jul-25,00:45.8,CME,ZN Sep25,B,1,111'230,F,TT SIM,Trading,Eric,Eric,85932d09-cc3b-4390-989d-cde9f28803b0,
2-Jul-25,19:23.0,CME,ZN Sep25,B,14,111'185,F,TT SIM,Trading,Eric,Eric,6de77fc7-22ad-4811-9e5b-f23bf24f0e0d,
2-Jul-25,18:50.2,CME,ZN Sep25,B,17,111'185,F,TT SIM,Trading,Eric,Eric,d51b80db-ddc2-4b44-8dca-a5b96c16bc89,
2-Jul-25,16:05.0,CME,ZN Sep25,B,724,111'180,F,TT SIM,Trading,Eric,Eric,329c5375-1584-445c-9d32-012d864bb451,
2-Jul-25,14:17.4,CME,ZN Sep25,B,362,111'180,F,TT SIM,Trading,Eric,Eric,80ae925e-3032-4656-890e-a6d19c3020c8,
2-Jul-25,00:41.8,CME,ZN Sep25,S,149,111'185,F,TT SIM,Trading,Eric,Eric,1298c99e-df1b-4f44-b97b-e0bee8ae8d00,1527c005-1d1f-40fd-a738-749dc938a5d7
2-Jul-25,30:51.3,CME,ZN Sep25,S,1,111'210,F,TT SIM,Trading,Eric,Eric,d170eb8c-8ae5-4bf6-875c-2d5e6c66d4c5,1527c005-1d1f-40fd-a738-749dc938a5d7
2-Jul-25,00:10.6,CME,ZN Sep25,B,80,111'235,F,TT SIM,Trading,Eric,Eric,51f1fe8e-fa9f-4f4e-a081-d7bcd4eb9a7a,1527c005-1d1f-40fd-a738-749dc938a5d7
2-Jul-25,52:07.6,CME,ZN Sep25,B,40,111'250,F,TT SIM,Trading,Eric,Eric,304eea3b-32e2-4cb2-be1e-5e9ee8050c2c,1527c005-1d1f-40fd-a738-749dc938a5d7
2-Jul-25,14:40.6,CME,ZN Sep25,B,20,111'265,F,TT SIM,Trading,Eric,Eric,11f024a6-aee3-4f55-932a-d2dd58f5a45e,1527c005-1d1f-40fd-a738-749dc938a5d7
1-Jul-25,37:12.0,CME,ZN Sep25,B,186,111'280,F,TT SIM,Trading,Eric,Eric,4388d9c1-3b3b-4401-a618-bbfbe86a333a,
1-Jul-25,16:14.6,CME,ZN Sep25,B,10,111'280,F,TT SIM,Trading,Eric,Eric,fb14a2cf-9d5b-46b7-979a-e76e38024b0d,1527c005-1d1f-40fd-a738-749dc938a5d7
1-Jul-25,18:52.6,CME,ZN Sep25,B,1,111'285,F,TT SIM,Trading,Eric,Eric,11a64b1d-76e2-4ed2-b5c2-33f7234954d4,
1-Jul-25,49:02.0,CME,ZN Sep25,B,3,111'235,F,TT SIM,Trading,Eric,Eric,045f6891-006c-4ed6-b35a-fae8befd89e8,669d33b9-b1b7-48d0-b5a9-43553ca663f3
1-Jul-25,49:02.0,CME,ZN Sep25,B,1,111'235,P,TT SIM,Trading,Eric,Eric,045f6891-006c-4ed6-b35a-fae8befd89e8,669d33b9-b1b7-48d0-b5a9-43553ca663f3
1-Jul-25,49:02.0,CME,ZN Sep25,B,6,111'235,P,TT SIM,Trading,Eric,Eric,045f6891-006c-4ed6-b35a-fae8befd89e8,669d33b9-b1b7-48d0-b5a9-43553ca663f3
1-Jul-25,46:26.7,CME,ZN Sep25,B,10,111'235,F,TT SIM,Trading,Eric,Eric,13afce9e-ae7e-4dce-919e-4db31c01e57b,523dc53e-d402-4a2c-a2cc-f11eb6a166cc
1-Jul-25,46:26.7,CME,ZN Sep25,B,10,111'235,F,TT SIM,Trading,Eric,Eric,8def69ef-0ba6-4533-8422-f8d6d21899a3,a84c1f58-6c37-4a4c-a3ef-da963d105bc3
1-Jul-25,46:26.7,CME,ZN Sep25,B,10,111'235,F,TT SIM,Trading,Eric,Eric,3ed9ae65-dffe-46e6-a3b3-779e7b3f6909,be587bcf-0f62-4f13-aff7-9bf427fcc2d5
1-Jul-25,44:35.1,CME,ZN Sep25,B,10,111'240,F,TT SIM,Trading,Eric,Eric,22dc8148-cf40-4901-b9d5-9cb5dc670aab,20103a7c-2292-48ee-8c99-449680aa7881
1-Jul-25,38:12.1,CME,ZN Sep25,B,5,111'250,F,TT SIM,Trading,Eric,Eric,62a17e29-aead-4dea-9186-1d34869ceb4f,
1-Jul-25,09:16.0,CME,ZN Sep25,B,5,111'265,F,TT SIM,Trading,Eric,Eric,66059b0f-fe48-45ac-8107-86a19593799b,
1-Jul-25,07:32.8,CME,ZN Sep25,S,20,111'255,F,TT SIM,Trading,Eric,Eric,bdefe6f6-9ed7-4333-978c-5cf6a0dd7521,
1-Jul-25,07:21.7,CME,ZN Sep25,S,5,111'255,F,TT SIM,Trading,Eric,Eric,cd175bb5-8d32-4955-bf2c-f35be28e20e0,
1-Jul-25,06:47.4,CME,ZN Sep25,S,5,111'255,F,TT SIM,Trading,Eric,Eric,b26607c7-c2a7-4788-882d-045b713dba3c,
1-Jul-25,06:29.2,CME,ZN Sep25,B,5,111'260,F,TT SIM,Trading,Eric,Eric,2b36e0b9-a9ec-4480-8730-283fd0eea241,
1-Jul-25,41:37.8,CME,ZN Sep25,B,16,111'265,F,TT SIM,Trading,Eric,Eric,ec3149cd-7ee8-4870-a68c-86b5188a3c34,
1-Jul-25,41:37.8,CME,ZN Sep25,B,34,111'265,P,TT SIM,Trading,Eric,Eric,ec3149cd-7ee8-4870-a68c-86b5188a3c34,
1-Jul-25,40:41.8,CME,ZN Sep25,B,45,111'265,F,TT SIM,Trading,Eric,Eric,adee326d-1a67-47d5-ad12-6bd2ea771244,
30-Jun-25,29:16.3,CME,ZN Sep25,S,1,111'275,F,TT SIM,Trading,Eric,Eric,92deb39b-678c-4411-b606-a201740489eb,
30-Jun-25,27:42.9,CME,ZN Sep25,B,5,111'285,F,TT SIM,Trading,Eric,Eric,4090e33f-1ee6-49cf-97a0-d942ea2ebcc0,
30-Jun-25,27:35.5,CME,ZN Sep25,B,1,111'285,F,TT SIM,Trading,Eric,Eric,0cc5196e-6f9a-4fdb-84fa-c56f1389fbae,
30-Jun-25,20:40.3,CME,ZN Sep25,B,10,111'270,F,TT SIM,Trading,Eric,Eric,e4ce12da-9930-4975-8688-5f29f52dd0e8,b820be95-9fc3-463a-b2cb-cd831c029d88
27-Jun-25,13:09.8,CME,ZN Sep25,B,10,111'280,F,TT SIM,Trading,Eric,Eric,654a3b6e-ce05-4138-8793-732f04db44e4,cec72a34-cf2b-4b24-894e-998b9ba5b3db
27-Jun-25,08:24.6,CME,ZN Sep25,B,3,111'270,F,TT SIM,Trading,Eric,Eric,f618faee-877a-4e57-a71f-586bb613c5d2,5fffe889-ae31-4c5f-b60c-094da2d946d3
27-Jun-25,08:24.6,CME,ZN Sep25,B,2,111'270,P,TT SIM,Trading,Eric,Eric,f618faee-877a-4e57-a71f-586bb613c5d2,5fffe889-ae31-4c5f-b60c-094da2d946d3
27-Jun-25,08:24.6,CME,ZN Sep25,B,5,111'270,P,TT SIM,Trading,Eric,Eric,f618faee-877a-4e57-a71f-586bb613c5d2,5fffe889-ae31-4c5f-b60c-094da2d946d3
27-Jun-25,00:14.1,CME,ZN Sep25,B,10,111'255,F,TT SIM,Trading,Eric,Eric,b94c03d5-257a-4bba-b053-84e72a7025a4,b55589e2-b533-4d35-bc50-94c4efae6d2f
4-Jun-25,26:03.8,CME_Delayed,ZN Sep25,B,20,111'045,F,TT SIM,Trading,Eric,Eric,8ed71353-7eb0-4484-8ba0-1342f9a9ce18,33d3f872-a46e-4b51-bc62-60562b26ae03
4-Jun-25,00:10.8,CME_Delayed,ZN Sep25,B,10,111'060,F,TT SIM,Trading,Eric,Eric,8b6f33f8-6263-49f0-abb6-82cde7eef20f,33d3f872-a46e-4b51-bc62-60562b26ae03
4-Jun-25,54:31.0,CME_Delayed,ZN Sep25,S,7,110'150,F,TT SIM,Trading,Eric,Eric,8703227e-6bd5-4f36-8bc8-981d7f7c8670,9ecf68c2-161e-4b3f-b2c0-86d8aba0a1c4
4-Jun-25,54:31.0,CME_Delayed,ZN Sep25,S,1,110'150,P,TT SIM,Trading,Eric,Eric,8703227e-6bd5-4f36-8bc8-981d7f7c8670,9ecf68c2-161e-4b3f-b2c0-86d8aba0a1c4
4-Jun-25,54:31.0,CME_Delayed,ZN Sep25,S,15,110'150,P,TT SIM,Trading,Eric,Eric,8703227e-6bd5-4f36-8bc8-981d7f7c8670,9ecf68c2-161e-4b3f-b2c0-86d8aba0a1c4
4-Jun-25,54:31.0,CME_Delayed,ZN Sep25,S,5,110'150,P,TT SIM,Trading,Eric,Eric,8703227e-6bd5-4f36-8bc8-981d7f7c8670,9ecf68c2-161e-4b3f-b2c0-86d8aba0a1c4
4-Jun-25,54:31.0,CME_Delayed,ZN Sep25,S,1,110'150,P,TT SIM,Trading,Eric,Eric,8703227e-6bd5-4f36-8bc8-981d7f7c8670,9ecf68c2-161e-4b3f-b2c0-86d8aba0a1c4
4-Jun-25,54:06.5,CME_Delayed,ZN Sep25,S,1,110'150,P,TT SIM,Trading,Eric,Eric,8703227e-6bd5-4f36-8bc8-981d7f7c8670,9ecf68c2-161e-4b3f-b2c0-86d8aba0a1c4
4-Jun-25,11:23.8,CME_Delayed,ZN Sep25,B,3,110'130,F,TT SIM,Trading,Eric,Eric,9c3a7028-eb8c-45cc-956b-fdc597f1aa3a,9ecf68c2-161e-4b3f-b2c0-86d8aba0a1c4
4-Jun-25,11:22.4,CME_Delayed,ZN Sep25,B,2,110'130,P,TT SIM,Trading,Eric,Eric,9c3a7028-eb8c-45cc-956b-fdc597f1aa3a,9ecf68c2-161e-4b3f-b2c0-86d8aba0a1c4
4-Jun-25,11:17.5,CME_Delayed,ZN Sep25,B,1,110'130,P,TT SIM,Trading,Eric,Eric,9c3a7028-eb8c-45cc-956b-fdc597f1aa3a,9ecf68c2-161e-4b3f-b2c0-86d8aba0a1c4
4-Jun-25,11:17.5,CME_Delayed,ZN Sep25,B,8,110'130,P,TT SIM,Trading,Eric,Eric,9c3a7028-eb8c-45cc-956b-fdc597f1aa3a,9ecf68c2-161e-4b3f-b2c0-86d8aba0a1c4
4-Jun-25,11:16.4,CME_Delayed,ZN Sep25,B,1,110'130,P,TT SIM,Trading,Eric,Eric,9c3a7028-eb8c-45cc-956b-fdc597f1aa3a,9ecf68c2-161e-4b3f-b2c0-86d8aba0a1c4
4-Jun-25,11:12.7,CME_Delayed,ZN Sep25,B,2,110'130,P,TT SIM,Trading,Eric,Eric,9c3a7028-eb8c-45cc-956b-fdc597f1aa3a,9ecf68c2-161e-4b3f-b2c0-86d8aba0a1c4
4-Jun-25,11:07.3,CME_Delayed,ZN Sep25,B,1,110'130,P,TT SIM,Trading,Eric,Eric,9c3a7028-eb8c-45cc-956b-fdc597f1aa3a,9ecf68c2-161e-4b3f-b2c0-86d8aba0a1c4
4-Jun-25,11:06.7,CME_Delayed,ZN Sep25,B,2,110'130,P,TT SIM,Trading,Eric,Eric,9c3a7028-eb8c-45cc-956b-fdc597f1aa3a,9ecf68c2-161e-4b3f-b2c0-86d8aba0a1c4
4-Jun-25,11:00.6,CME_Delayed,ZN Sep25,B,1,110'130,P,TT SIM,Trading,Eric,Eric,9c3a7028-eb8c-45cc-956b-fdc597f1aa3a,9ecf68c2-161e-4b3f-b2c0-86d8aba0a1c4
4-Jun-25,10:59.6,CME_Delayed,ZN Sep25,B,2,110'130,P,TT SIM,Trading,Eric,Eric,9c3a7028-eb8c-45cc-956b-fdc597f1aa3a,9ecf68c2-161e-4b3f-b2c0-86d8aba0a1c4
4-Jun-25,10:54.6,CME_Delayed,ZN Sep25,B,1,110'130,P,TT SIM,Trading,Eric,Eric,9c3a7028-eb8c-45cc-956b-fdc597f1aa3a,9ecf68c2-161e-4b3f-b2c0-86d8aba0a1c4
4-Jun-25,10:49.2,CME_Delayed,ZN Sep25,B,3,110'130,P,TT SIM,Trading,Eric,Eric,9c3a7028-eb8c-45cc-956b-fdc597f1aa3a,9ecf68c2-161e-4b3f-b2c0-86d8aba0a1c4
4-Jun-25,10:43.7,CME_Delayed,ZN Sep25,B,1,110'130,P,TT SIM,Trading,Eric,Eric,9c3a7028-eb8c-45cc-956b-fdc597f1aa3a,9ecf68c2-161e-4b3f-b2c0-86d8aba0a1c4
4-Jun-25,10:38.3,CME_Delayed,ZN Sep25,B,2,110'130,P,TT SIM,Trading,Eric,Eric,9c3a7028-eb8c-45cc-956b-fdc597f1aa3a,9ecf68c2-161e-4b3f-b2c0-86d8aba0a1c4
4-Jun-25,10:37.1,CME_Delayed,ZN Sep25,B,1,110'130,P,TT SIM,Trading,Eric,Eric,9c3a7028-eb8c-45cc-956b-fdc597f1aa3a,9ecf68c2-161e-4b3f-b2c0-86d8aba0a1c4
4-Jun-25,10:31.4,CME_Delayed,ZN Sep25,B,2,110'130,P,TT SIM,Trading,Eric,Eric,9c3a7028-eb8c-45cc-956b-fdc597f1aa3a,9ecf68c2-161e-4b3f-b2c0-86d8aba0a1c4
4-Jun-25,10:28.4,CME_Delayed,ZN Sep25,B,1,110'130,P,TT SIM,Trading,Eric,Eric,9c3a7028-eb8c-45cc-956b-fdc597f1aa3a,9ecf68c2-161e-4b3f-b2c0-86d8aba0a1c4
4-Jun-25,10:27.3,CME_Delayed,ZN Sep25,B,1,110'130,P,TT SIM,Trading,Eric,Eric,9c3a7028-eb8c-45cc-956b-fdc597f1aa3a,9ecf68c2-161e-4b3f-b2c0-86d8aba0a1c4
4-Jun-25,10:15.6,CME_Delayed,ZN Sep25,B,4,110'130,P,TT SIM,Trading,Eric,Eric,9c3a7028-eb8c-45cc-956b-fdc597f1aa3a,9ecf68c2-161e-4b3f-b2c0-86d8aba0a1c4
4-Jun-25,10:10.4,CME_Delayed,ZN Sep25,B,1,110'130,P,TT SIM,Trading,Eric,Eric,9c3a7028-eb8c-45cc-956b-fdc597f1aa3a,9ecf68c2-161e-4b3f-b2c0-86d8aba0a1c4
4-Jun-25,50:11.8,CME_Delayed,ZN Sep25,S,15,110'160,F,TT SIM,Trading,Eric,Eric,78bebb17-1bd7-4aa0-9eca-2ce9d6476f19,9ecf68c2-161e-4b3f-b2c0-86d8aba0a1c4
4-Jun-25,21:25.7,CME_Delayed,ZN Sep25,B,8,110'145,F,TT SIM,Trading,Eric,Eric,d5e5d5e5-81c3-4c18-9a55-b269dad21eb6,9ecf68c2-161e-4b3f-b2c0-86d8aba0a1c4
4-Jun-25,21:25.7,CME_Delayed,ZN Sep25,B,5,110'145,P,TT SIM,Trading,Eric,Eric,d5e5d5e5-81c3-4c18-9a55-b269dad21eb6,9ecf68c2-161e-4b3f-b2c0-86d8aba0a1c4
4-Jun-25,21:25.7,CME_Delayed,ZN Sep25,B,1,110'145,P,TT SIM,Trading,Eric,Eric,d5e5d5e5-81c3-4c18-9a55-b269dad21eb6,9ecf68c2-161e-4b3f-b2c0-86d8aba0a1c4
4-Jun-25,21:25.7,CME_Delayed,ZN Sep25,B,1,110'145,P,TT SIM,Trading,Eric,Eric,d5e5d5e5-81c3-4c18-9a55-b269dad21eb6,9ecf68c2-161e-4b3f-b2c0-86d8aba0a1c4
4-Jun-25,21:25.7,CME_Delayed,ZN Sep25,B,1,110'145,P,TT SIM,Trading,Eric,Eric,d5e5d5e5-81c3-4c18-9a55-b269dad21eb6,9ecf68c2-161e-4b3f-b2c0-86d8aba0a1c4
4-Jun-25,21:25.7,CME_Delayed,ZN Sep25,B,2,110'145,P,TT SIM,Trading,Eric,Eric,d5e5d5e5-81c3-4c18-9a55-b269dad21eb6,9ecf68c2-161e-4b3f-b2c0-86d8aba0a1c4
4-Jun-25,21:25.7,CME_Delayed,ZN Sep25,B,2,110'145,P,TT SIM,Trading,Eric,Eric,d5e5d5e5-81c3-4c18-9a55-b269dad21eb6,9ecf68c2-161e-4b3f-b2c0-86d8aba0a1c4
3-Jun-25,06:07.4,CME_Delayed,ZN Sep25,B,2,110'160,F,TT SIM,Trading,Eric,Eric,66a234b1-46cc-40f0-bc8e-da642edf08c9,9ecf68c2-161e-4b3f-b2c0-86d8aba0a1c4
3-Jun-25,06:04.3,CME_Delayed,ZN Sep25,B,1,110'160,P,TT SIM,Trading,Eric,Eric,66a234b1-46cc-40f0-bc8e-da642edf08c9,9ecf68c2-161e-4b3f-b2c0-86d8aba0a1c4
3-Jun-25,06:04.1,CME_Delayed,ZN Sep25,B,7,110'160,P,TT SIM,Trading,Eric,Eric,66a234b1-46cc-40f0-bc8e-da642edf08c9,9ecf68c2-161e-4b3f-b2c0-86d8aba0a1c4
2-Jun-25,57:59.4,CME_Delayed,ZN Jun25,B,8,110'195,F,TT SIM,Trading,SPatoliya,SPatoliya,242fa5f8-9fab-436b-a2b8-0744da0ea991,0400f73d-5572-4c19-af0d-1a7e5189991c
2-Jun-25,57:59.4,CME_Delayed,ZN Jun25,B,2,110'190,P,TT SIM,Trading,SPatoliya,SPatoliya,242fa5f8-9fab-436b-a2b8-0744da0ea991,0400f73d-5572-4c19-af0d-1a7e5189991c
29-May-25,50:43.3,CME_Delayed,ZN Jun25,B,10,110'190,F,TT SIM,Trading,SPatoliya,SPatoliya,d45aff93-e9f9-4136-9d8f-1ae513f50e6d,5aea27dc-f728-4fb3-96dc-c92a18324cc3
23-May-25,29:53.7,CME_Delayed,ZN Jun25,S,4,110'020,F,TT SIM,Trading,SPatoliya,SPatoliya,8f6dd124-3885-4a1a-92c0-21ca3e623619,0ad2c29e-302c-4079-96af-5c9ba1471db9
23-May-25,27:00.9,CME_Delayed,ZN Jun25,S,15,110'000,F,TT SIM,Trading,SPatoliya,SPatoliya,8e9e57b5-69b7-407c-bcf9-57e3dc0dfb91,0ad2c29e-302c-4079-96af-5c9ba1471db9
23-May-25,12:51.9,CME_Delayed,ZN Jun25,B,20,109'305,F,TT SIM,Trading,SPatoliya,SPatoliya,f9d1ba71-1f94-4d76-a11f-ced6e09aae14,0ad2c29e-302c-4079-96af-5c9ba1471db9
23-May-25,45:52.0,CME_Delayed,ZN Jun25,B,10,110'000,F,TT SIM,Trading,SPatoliya,SPatoliya,d18fbf83-0c4a-4cd2-9202-16b6f8e2cce2,0ad2c29e-302c-4079-96af-5c9ba1471db9
23-May-25,30:36.3,CME_Delayed,ZN Jun25,B,1,110'015,F,TT SIM,Trading,SPatoliya,SPatoliya,31994c83-5a0a-4736-bb5d-cce424f68aae,d4ff6788-57a1-4239-96dd-a0146009b34a
23-May-25,30:36.3,CME_Delayed,ZN Jun25,B,1,110'015,P,TT SIM,Trading,SPatoliya,SPatoliya,31994c83-5a0a-4736-bb5d-cce424f68aae,d4ff6788-57a1-4239-96dd-a0146009b34a
23-May-25,30:36.3,CME_Delayed,ZN Jun25,B,2,110'015,P,TT SIM,Trading,SPatoliya,SPatoliya,31994c83-5a0a-4736-bb5d-cce424f68aae,d4ff6788-57a1-4239-96dd-a0146009b34a
23-May-25,30:36.3,CME_Delayed,ZN Jun25,B,1,110'015,P,TT SIM,Trading,SPatoliya,SPatoliya,31994c83-5a0a-4736-bb5d-cce424f68aae,d4ff6788-57a1-4239-96dd-a0146009b34a
23-May-25,30:36.3,CME_Delayed,ZN Jun25,B,1,110'015,P,TT SIM,Trading,SPatoliya,SPatoliya,31994c83-5a0a-4736-bb5d-cce424f68aae,d4ff6788-57a1-4239-96dd-a0146009b34a
23-May-25,30:36.3,CME_Delayed,ZN Jun25,B,1,110'015,P,TT SIM,Trading,SPatoliya,SPatoliya,31994c83-5a0a-4736-bb5d-cce424f68aae,d4ff6788-57a1-4239-96dd-a0146009b34a
23-May-25,30:36.3,CME_Delayed,ZN Jun25,B,1,110'015,P,TT SIM,Trading,SPatoliya,SPatoliya,31994c83-5a0a-4736-bb5d-cce424f68aae,d4ff6788-57a1-4239-96dd-a0146009b34a
23-May-25,30:36.3,CME_Delayed,ZN Jun25,B,1,110'015,P,TT SIM,Trading,SPatoliya,SPatoliya,31994c83-5a0a-4736-bb5d-cce424f68aae,d4ff6788-57a1-4239-96dd-a0146009b34a
23-May-25,30:36.3,CME_Delayed,ZN Jun25,B,1,110'015,P,TT SIM,Trading,SPatoliya,SPatoliya,31994c83-5a0a-4736-bb5d-cce424f68aae,d4ff6788-57a1-4239-96dd-a0146009b34a
23-May-25,33:34.2,CME_Delayed,ZN Jun25,B,10,110'015,F,TT SIM,Trading,SPatoliya,SPatoliya,ec4d02e6-ed44-435f-b586-9cc811090694,d96d33fd-e93f-420a-a513-a2e73a647e74
22-May-25,54:26.2,CME_Delayed,ZN Jun25,S,7,109'205,F,TT SIM,Trading,Eric,Eric,24e5a569-ae48-425a-8d17-a83809d3f9b7,d91c8f75-7c2e-4199-b566-0558e1ecd0a5
22-May-25,54:05.8,CME_Delayed,ZN Jun25,S,7,109'200,F,TT SIM,Trading,Eric,Eric,05c6c0e8-c717-4ddb-8c85-44b0e9fa0e57,d91c8f75-7c2e-4199-b566-0558e1ecd0a5
22-May-25,54:01.3,CME_Delayed,ZN Jun25,S,7,109'195,F,TT SIM,Trading,Eric,Eric,b8bac00e-2795-49d5-95c5-8219d7c91e09,d91c8f75-7c2e-4199-b566-0558e1ecd0a5
22-May-25,53:37.1,CME_Delayed,ZN Jun25,S,7,109'190,F,TT SIM,Trading,Eric,Eric,eda683ec-53df-4799-8a95-13fcaab5e92d,d91c8f75-7c2e-4199-b566-0558e1ecd0a5
22-May-25,51:40.7,CME_Delayed,ZN Jun25,B,20,109'185,F,TT SIM,Trading,Eric,Eric,bfd2ade0-1b80-4fc9-b655-36cf03bcbe2e,d91c8f75-7c2e-4199-b566-0558e1ecd0a5
22-May-25,24:28.2,CME_Delayed,ZN Jun25,S,2,109'215,F,TT SIM,Trading,Eric,Eric,4f9bc921-6200-417a-8bf7-46b945749020,d91c8f75-7c2e-4199-b566-0558e1ecd0a5
22-May-25,24:13.7,CME_Delayed,ZN Jun25,B,10,109'210,F,TT SIM,Trading,Eric,Eric,49e9c761-6d5a-44ce-bd51-4db952b93316,d91c8f75-7c2e-4199-b566-0558e1ecd0a5
22-May-25,08:31.4,CME_Delayed,ZN Jun25,B,1,109'215,F,TT SIM,Trading,Eric,Eric,59f6fffb-fbc9-481f-8fc9-9b69b4bc9765,
22-May-25,17:38.2,CME_Delayed,ZN Jun25,S,4,109'175,F,TT SIM,Trading,SPatoliya,SPatoliya,ea362746-3764-4ba9-aa72-36f4ef508aa4,8144fcee-2411-4ac8-a4a3-7bb1b66ab7ee
22-May-25,15:22.7,CME_Delayed,ZN Jun25,S,2,109'170,F,TT SIM,Trading,SPatoliya,SPatoliya,bc4e2681-dd5c-4412-aa68-b2dfb9336d82,8144fcee-2411-4ac8-a4a3-7bb1b66ab7ee
22-May-25,14:57.9,CME_Delayed,ZN Jun25,S,2,109'165,F,TT SIM,Trading,SPatoliya,SPatoliya,23352c5d-b68e-4360-b19a-ab304fbcd5dc,8144fcee-2411-4ac8-a4a3-7bb1b66ab7ee
22-May-25,56:19.1,CME_Delayed,ZN Jun25,S,2,109'160,F,TT SIM,Trading,SPatoliya,SPatoliya,3320a1ca-da40-41dd-a443-5ef136399c2b,8144fcee-2411-4ac8-a4a3-7bb1b66ab7ee
22-May-25,54:35.7,CME_Delayed,ZN Jun25,B,10,109'155,F,TT SIM,Trading,SPatoliya,SPatoliya,c24042f4-9a88-4be0-b2cf-5b0d5227ceb9,8144fcee-2411-4ac8-a4a3-7bb1b66ab7ee
22-May-25,52:24.4,CME_Delayed,ZN Jun25,S,15,109'165,F,TT SIM,Trading,SPatoliya,SPatoliya,709bec47-7735-4cdd-88dc-6ede9e639578,c63893ef-75fd-4e9e-b82b-5c3bf26b662d
22-May-25,42:11.7,CME_Delayed,ZN Jun25,S,3,109'160,F,TT SIM,Trading,SPatoliya,SPatoliya,dac72e01-93bc-432d-bc91-b316a1856b1f,c63893ef-75fd-4e9e-b82b-5c3bf26b662d
22-May-25,42:11.7,CME_Delayed,ZN Jun25,S,12,109'160,P,TT SIM,Trading,SPatoliya,SPatoliya,dac72e01-93bc-432d-bc91-b316a1856b1f,c63893ef-75fd-4e9e-b82b-5c3bf26b662d
22-May-25,34:56.9,CME_Delayed,ZN Jun25,B,40,109'155,F,TT SIM,Trading,SPatoliya,SPatoliya,1e168621-920e-4773-bb3b-0477f805da53,c63893ef-75fd-4e9e-b82b-5c3bf26b662d
22-May-25,08:47.1,CME_Delayed,ZN Jun25,S,7,109'185,F,TT SIM,Trading,SPatoliya,SPatoliya,2f2012a9-e9a8-46f4-88a3-838f7b10b4a0,c63893ef-75fd-4e9e-b82b-5c3bf26b662d
22-May-25,06:47.2,CME_Delayed,ZN Jun25,B,20,109'180,F,TT SIM,Trading,SPatoliya,SPatoliya,4e6fd5a6-202e-443c-a633-abc057c14b9b,c63893ef-75fd-4e9e-b82b-5c3bf26b662d
22-May-25,22:01.3,CME_Delayed,ZN Jun25,S,1,109'210,F,TT SIM,Trading,SPatoliya,SPatoliya,6cf99297-f04a-444c-94ea-056423065c3d,c63893ef-75fd-4e9e-b82b-5c3bf26b662d
22-May-25,22:01.3,CME_Delayed,ZN Jun25,S,1,109'210,P,TT SIM,Trading,SPatoliya,SPatoliya,6cf99297-f04a-444c-94ea-056423065c3d,c63893ef-75fd-4e9e-b82b-5c3bf26b662d
22-May-25,17:24.9,CME_Delayed,ZN Jun25,B,10,109'205,F,TT SIM,Trading,SPatoliya,SPatoliya,497e5551-78b2-47ed-836c-631b13421a48,c63893ef-75fd-4e9e-b82b-5c3bf26b662d
22-May-25,49:12.6,CME_Delayed,ZN Jun25,S,9,109'200,F,TT SIM,Trading,SPatoliya,SPatoliya,ae92d420-072e-4c01-983b-58c9385cf2c3,af319e42-276e-4749-bb9e-eb63f017ec9b
22-May-25,48:51.5,CME_Delayed,ZN Jun25,S,7,109'195,F,TT SIM,Trading,SPatoliya,SPatoliya,8e1e3ea6-4afb-4b6a-8a01-e1532249d83e,af319e42-276e-4749-bb9e-eb63f017ec9b
22-May-25,44:54.3,CME_Delayed,ZN Jun25,S,7,109'190,F,TT SIM,Trading,SPatoliya,SPatoliya,4ef3cdb4-fd99-485f-93bc-a66b95108a05,af319e42-276e-4749-bb9e-eb63f017ec9b
22-May-25,42:34.2,CME_Delayed,ZN Jun25,S,7,109'185,F,TT SIM,Trading,SPatoliya,SPatoliya,f0f89a1d-3cdc-482c-8c71-fd4dd34060fb,af319e42-276e-4749-bb9e-eb63f017ec9b
22-May-25,27:23.9,CME_Delayed,ZN Jun25,B,20,109'180,F,TT SIM,Trading,SPatoliya,SPatoliya,c272604a-c069-4b86-8d95-a4ec0cc469bb,af319e42-276e-4749-bb9e-eb63f017ec9b
22-May-25,01:34.4,CME_Delayed,ZN Jun25,B,10,109'205,F,TT SIM,Trading,SPatoliya,SPatoliya,78812ab6-7044-4da2-a2aa-af776099c0ff,af319e42-276e-4749-bb9e-eb63f017ec9b
22-May-25,48:15.0,CME_Delayed,ZN Jun25,B,10,109'210,F,TT SIM,Trading,SPatoliya,SPatoliya,602bfcac-d5a2-4cb5-a085-138d14a3bee8,9a3646fa-eb02-4c4e-84b3-c60ad0c7468b
21-May-25,11:43.6,CME_Delayed,ZN Jun25,B,10,109'135,F,TT SIM,Trading,SPatoliya,SPatoliya,35e83ab1-8ce4-42a7-a002-733aeb433131,9501d62c-e5cf-488b-8bda-f8305d67a343
21-May-25,03:24.1,CME_Delayed,ZN Jun25,B,9,109'140,F,TT SIM,Trading,SPatoliya,SPatoliya,b5ec8fbb-f298-42f5-bdb0-809b42bf6e13,f99e3f4b-f4b0-407b-aad2-c5d6b85fe9d2
21-May-25,03:24.1,CME_Delayed,ZN Jun25,B,1,109'140,P,TT SIM,Trading,SPatoliya,SPatoliya,b5ec8fbb-f298-42f5-bdb0-809b42bf6e13,f99e3f4b-f4b0-407b-aad2-c5d6b85fe9d2
21-May-25,52:37.5,CME_Delayed,ZN Jun25,B,4,109'140,F,TT SIM,Trading,SPatoliya,SPatoliya,9e912936-1f96-4af6-8c5a-f19fe799a0b4,e45e61b3-573d-44ec-9901-4b56a42b8aad
21-May-25,52:37.4,CME_Delayed,ZN Jun25,B,6,109'140,P,TT SIM,Trading,SPatoliya,SPatoliya,9e912936-1f96-4af6-8c5a-f19fe799a0b4,e45e61b3-573d-44ec-9901-4b56a42b8aad
21-May-25,41:11.8,CME_Delayed,ZN Jun25,S,3,109'145,F,TT SIM,Trading,SPatoliya,SPatoliya,562c812d-6c3c-493b-bbc2-22ec72926144,abf10440-f483-41d1-8364-5645bd4e7b38
21-May-25,40:01.3,CME_Delayed,ZN Jun25,B,10,109'140,F,TT SIM,Trading,Eric,Eric,a4651955-1a6d-40f3-a460-0e3df8399b36,c51134ee-9be5-403a-9e66-bd590dd7b62f
21-May-25,36:51.0,CME_Delayed,ZN Jun25,B,10,109'140,F,TT SIM,Trading,SPatoliya,SPatoliya,b5b06279-94aa-4e44-a135-280713d861d2,abf10440-f483-41d1-8364-5645bd4e7b38
21-May-25,12:49.6,CME_Delayed,ZN Jun25,B,5,109'135,F,TT SIM,Trading,SPatoliya,SPatoliya,36a0848e-ac36-4f16-ba1b-b88bb3254a66,9224e91d-cd65-432a-adcd-c3251449fa87
21-May-25,12:49.5,CME_Delayed,ZN Jun25,B,1,109'135,P,TT SIM,Trading,SPatoliya,SPatoliya,36a0848e-ac36-4f16-ba1b-b88bb3254a66,9224e91d-cd65-432a-adcd-c3251449fa87
21-May-25,12:49.5,CME_Delayed,ZN Jun25,B,1,109'135,P,TT SIM,Trading,SPatoliya,SPatoliya,36a0848e-ac36-4f16-ba1b-b88bb3254a66,9224e91d-cd65-432a-adcd-c3251449fa87
21-May-25,12:49.5,CME_Delayed,ZN Jun25,B,3,109'135,P,TT SIM,Trading,SPatoliya,SPatoliya,36a0848e-ac36-4f16-ba1b-b88bb3254a66,9224e91d-cd65-432a-adcd-c3251449fa87
21-May-25,52:42.6,CME_Delayed,ZN Jun25,B,10,109'145,F,TT SIM,Trading,SPatoliya,SPatoliya,691c4783-0ca9-46ca-952d-975a49017ec1,e25d7835-bd46-42d4-b0fb-66b7a8ea24ce
21-May-25,18:13.7,CME_Delayed,ZN Jun25,S,4,109'180,F,TT SIM,Trading,Eric,Eric,e8c8755d-e482-44f9-bdd4-8df37f989f9b,654e7bb9-d7dd-4e26-a59e-6140b6c13cdc
21-May-25,07:54.7,CME_Delayed,ZN Jun25,B,10,109'160,F,TT SIM,Trading,Eric,Eric,a7cd04f8-29bb-4fa1-8407-26eeb90f3240,654e7bb9-d7dd-4e26-a59e-6140b6c13cdc
20-May-25,59:54.2,CME_Delayed,ZN Jun25,B,10,110'055,F,TT SIM,Trading,Eric,Eric,55171319-c8ff-4437-8faa-381102f53699,45a72cf1-d887-4c45-b935-fea6924c9a99
20-May-25,48:28.9,CME_Delayed,ZN Jun25,B,10,110'110,F,TT SIM,Trading,SPatoliya,SPatoliya,14424b89-714f-43e3-9791-c798bf1b94d5,2a988f47-7f01-48d3-a9f3-8fa7c296c01b
20-May-25,08:15.4,CME_Delayed,ZN Jun25,B,10,110'120,F,TT SIM,Trading,SPatoliya,SPatoliya,c8bf6335-7c91-4c76-baa5-0279500940bc,88566e3b-e857-4885-9295-74cf8c5f67d4
20-May-25,45:53.6,CME_Delayed,ZN Jun25,B,10,110'120,F,TT SIM,Trading,SPatoliya,SPatoliya,0a99ad4a-79bd-4e63-b724-cb38c53c9ad7,8312e241-ec81-4781-baf8-4b847f68dafc
20-May-25,04:46.1,CME_Delayed,ZN Jun25,B,9,110'065,F,TT SIM,Trading,SPatoliya,SPatoliya,1cd12ba8-2459-4510-98ae-1339ba580059,fceffbc7-a7d5-4c4f-8c5e-58743cfc917d
20-May-25,04:46.1,CME_Delayed,ZN Jun25,B,1,110'065,P,TT SIM,Trading,SPatoliya,SPatoliya,1cd12ba8-2459-4510-98ae-1339ba580059,fceffbc7-a7d5-4c4f-8c5e-58743cfc917d
20-May-25,58:02.4,CME_Delayed,ZN Jun25,B,10,110'070,F,TT SIM,Trading,SPatoliya,SPatoliya,048c67af-d4d7-4e2e-b951-efb0953d230f,ef246bb3-4c55-4026-ba12-56d8014f0826
19-May-25,59:28.3,CME_Delayed,ZN Jun25,B,113,110'005,F,TT SIM,Trading,EChamo,EChamo,ca1e8059-28f1-4694-afe3-214180627838,e964280b-ecda-447c-8aa3-cf4bbc2e023e
19-May-25,59:26.2,CME_Delayed,ZN Jun25,B,20,110'005,P,TT SIM,Trading,EChamo,EChamo,ca1e8059-28f1-4694-afe3-214180627838,e964280b-ecda-447c-8aa3-cf4bbc2e023e
19-May-25,59:25.4,CME_Delayed,ZN Jun25,B,1,110'005,P,TT SIM,Trading,EChamo,EChamo,ca1e8059-28f1-4694-afe3-214180627838,e964280b-ecda-447c-8aa3-cf4bbc2e023e
19-May-25,59:25.4,CME_Delayed,ZN Jun25,B,10,110'005,P,TT SIM,Trading,EChamo,EChamo,ca1e8059-28f1-4694-afe3-214180627838,e964280b-ecda-447c-8aa3-cf4bbc2e023e
19-May-25,59:25.3,CME_Delayed,ZN Jun25,B,6,110'005,P,TT SIM,Trading,EChamo,EChamo,ca1e8059-28f1-4694-afe3-214180627838,e964280b-ecda-447c-8aa3-cf4bbc2e023e
19-May-25,59:25.3,CME_Delayed,ZN Jun25,B,2,110'005,P,TT SIM,Trading,EChamo,EChamo,ca1e8059-28f1-4694-afe3-214180627838,e964280b-ecda-447c-8aa3-cf4bbc2e023e
19-May-25,59:25.3,CME_Delayed,ZN Jun25,B,4,110'005,P,TT SIM,Trading,EChamo,EChamo,ca1e8059-28f1-4694-afe3-214180627838,e964280b-ecda-447c-8aa3-cf4bbc2e023e
19-May-25,59:25.3,CME_Delayed,ZN Jun25,B,1,110'005,P,TT SIM,Trading,EChamo,EChamo,ca1e8059-28f1-4694-afe3-214180627838,e964280b-ecda-447c-8aa3-cf4bbc2e023e
19-May-25,59:25.3,CME_Delayed,ZN Jun25,B,1,110'005,P,TT SIM,Trading,EChamo,EChamo,ca1e8059-28f1-4694-afe3-214180627838,e964280b-ecda-447c-8aa3-cf4bbc2e023e
19-May-25,59:25.3,CME_Delayed,ZN Jun25,B,1,110'005,P,TT SIM,Trading,EChamo,EChamo,ca1e8059-28f1-4694-afe3-214180627838,e964280b-ecda-447c-8aa3-cf4bbc2e023e
19-May-25,59:25.3,CME_Delayed,ZN Jun25,B,1,110'005,P,TT SIM,Trading,EChamo,EChamo,ca1e8059-28f1-4694-afe3-214180627838,e964280b-ecda-447c-8aa3-cf4bbc2e023e
19-May-25,59:02.4,CME_Delayed,ZN Jun25,B,80,110'010,F,TT SIM,Trading,EChamo,EChamo,a2f8d04b-2867-44fa-8536-2835fb789598,e964280b-ecda-447c-8aa3-cf4bbc2e023e
19-May-25,58:35.2,CME_Delayed,ZN Jun25,B,40,110'015,F,TT SIM,Trading,EChamo,EChamo,398dbab0-b16d-410b-99a5-743b32110606,e964280b-ecda-447c-8aa3-cf4bbc2e023e
19-May-25,51:26.7,CME_Delayed,ZN Jun25,S,15,110'035,F,TT SIM,Trading,EChamo,EChamo,cd3069d5-4e03-42e5-bd5f-f922715b1d8c,e964280b-ecda-447c-8aa3-cf4bbc2e023e
19-May-25,44:04.5,CME_Delayed,ZN Jun25,B,20,110'020,F,TT SIM,Trading,EChamo,EChamo,39099fdc-8498-422b-9c52-61b739b6b7e0,e964280b-ecda-447c-8aa3-cf4bbc2e023e
19-May-25,44:02.3,CME_Delayed,ZN Jun25,B,10,110'025,F,TT SIM,Trading,EChamo,EChamo,1a959b7d-4ac2-495e-818d-9fb0093295df,e964280b-ecda-447c-8aa3-cf4bbc2e023e
16-May-25,09:00.3,CME_Delayed,ZN Jun25,S,305,109'315,F,TT SIM,Trading,Eric,Eric,6b3c405b-dce1-4c31-8baa-5e7fb677ef6f,a61f445d-b901-449c-9280-90d1acd0385f
16-May-25,05:32.7,CME_Delayed,ZN Jun25,S,1,110'025,F,TT SIM,Trading,Eric,Eric,fad6f497-2cfc-4e1e-9226-23393fc3a0af,a61f445d-b901-449c-9280-90d1acd0385f
16-May-25,02:12.2,CME_Delayed,ZN Jun25,B,9,110'050,F,TT SIM,Trading,Eric,Eric,e24c90d6-8f56-452c-a36e-6c5f09281195,a61f445d-b901-449c-9280-90d1acd0385f
16-May-25,02:12.2,CME_Delayed,ZN Jun25,B,1,110'050,P,TT SIM,Trading,Eric,Eric,e24c90d6-8f56-452c-a36e-6c5f09281195,a61f445d-b901-449c-9280-90d1acd0385f
16-May-25,02:12.2,CME_Delayed,ZN Jun25,B,3,110'050,P,TT SIM,Trading,Eric,Eric,e24c90d6-8f56-452c-a36e-6c5f09281195,a61f445d-b901-449c-9280-90d1acd0385f
16-May-25,02:12.2,CME_Delayed,ZN Jun25,B,10,110'050,P,TT SIM,Trading,Eric,Eric,e24c90d6-8f56-452c-a36e-6c5f09281195,a61f445d-b901-449c-9280-90d1acd0385f
16-May-25,02:11.2,CME_Delayed,ZN Jun25,B,30,110'050,P,TT SIM,Trading,Eric,Eric,e24c90d6-8f56-452c-a36e-6c5f09281195,a61f445d-b901-449c-9280-90d1acd0385f
16-May-25,02:08.3,CME_Delayed,ZN Jun25,B,10,110'050,P,TT SIM,Trading,Eric,Eric,e24c90d6-8f56-452c-a36e-6c5f09281195,a61f445d-b901-449c-9280-90d1acd0385f
16-May-25,01:39.1,CME_Delayed,ZN Jun25,B,1,110'050,P,TT SIM,Trading,Eric,Eric,e24c90d6-8f56-452c-a36e-6c5f09281195,a61f445d-b901-449c-9280-90d1acd0385f
16-May-25,01:28.4,CME_Delayed,ZN Jun25,B,10,110'050,P,TT SIM,Trading,Eric,Eric,e24c90d6-8f56-452c-a36e-6c5f09281195,a61f445d-b901-449c-9280-90d1acd0385f
16-May-25,01:24.3,CME_Delayed,ZN Jun25,B,1,110'050,P,TT SIM,Trading,Eric,Eric,e24c90d6-8f56-452c-a36e-6c5f09281195,a61f445d-b901-449c-9280-90d1acd0385f
16-May-25,01:24.2,CME_Delayed,ZN Jun25,B,8,110'050,P,TT SIM,Trading,Eric,Eric,e24c90d6-8f56-452c-a36e-6c5f09281195,a61f445d-b901-449c-9280-90d1acd0385f
16-May-25,01:24.2,CME_Delayed,ZN Jun25,B,77,110'050,P,TT SIM,Trading,Eric,Eric,e24c90d6-8f56-452c-a36e-6c5f09281195,a61f445d-b901-449c-9280-90d1acd0385f
16-May-25,00:30.9,CME_Delayed,ZN Jun25,B,59,110'065,F,TT SIM,Trading,Eric,Eric,28122347-6dec-40fe-bfe1-a57f482e54fc,a61f445d-b901-449c-9280-90d1acd0385f
16-May-25,00:30.9,CME_Delayed,ZN Jun25,B,1,110'065,P,TT SIM,Trading,Eric,Eric,28122347-6dec-40fe-bfe1-a57f482e54fc,a61f445d-b901-449c-9280-90d1acd0385f
16-May-25,00:30.9,CME_Delayed,ZN Jun25,B,20,110'065,P,TT SIM,Trading,Eric,Eric,28122347-6dec-40fe-bfe1-a57f482e54fc,a61f445d-b901-449c-9280-90d1acd0385f
16-May-25,58:03.7,CME_Delayed,ZN Jun25,B,40,110'080,F,TT SIM,Trading,Eric,Eric,299db140-f66f-42ab-a4ee-43f360d1b199,a61f445d-b901-449c-9280-90d1acd0385f
16-May-25,07:11.1,CME_Delayed,ZN Jun25,B,20,110'095,F,TT SIM,Trading,Eric,Eric,5a23a74a-5c9a-4146-8941-badca23e19ac,a61f445d-b901-449c-9280-90d1acd0385f
16-May-25,11:14.3,CME_Delayed,ZN Jun25,S,4,110'130,F,TT SIM,Trading,Eric,Eric,97ddc1a4-704b-4804-bb86-e89b8ec93a00,a61f445d-b901-449c-9280-90d1acd0385f
16-May-25,04:24.5,CME_Delayed,ZN Jun25,B,10,110'110,F,TT SIM,Trading,Eric,Eric,9adb132f-0ddc-4471-b3f1-d2ee0530feb9,a61f445d-b901-449c-9280-90d1acd0385f
16-May-25,40:52.3,CME_Delayed,ES Jun25,S,3,5965.5,F,TT SIM,Trading,EChamo,EChamo,93ef791d-87df-47db-99d6-d9885feca746,
16-May-25,40:52.3,CME_Delayed,ES Jun25,S,1,5965.5,P,TT SIM,Trading,EChamo,EChamo,93ef791d-87df-47db-99d6-d9885feca746,
16-May-25,40:52.3,CME_Delayed,ES Jun25,S,1,5965.5,P,TT SIM,Trading,EChamo,EChamo,93ef791d-87df-47db-99d6-d9885feca746,
16-May-25,29:42.6,CME_Delayed,ZN Jun25,B,9,110'105,F,TT SIM,Trading,EChamo,EChamo,02ba2c6a-919c-4e60-a4a1-7c67b5298a8a,7860afca-fa62-41c4-861f-9bb462c761c6
16-May-25,29:42.6,CME_Delayed,ZN Jun25,B,1,110'105,P,TT SIM,Trading,EChamo,EChamo,02ba2c6a-919c-4e60-a4a1-7c67b5298a8a,7860afca-fa62-41c4-861f-9bb462c761c6
16-May-25,48:06.1,CME_Delayed,ZN Jun25,B,10,110'115,F,TT SIM,Trading,Eric,Eric,34bf3442-63bd-42ed-99a9-40131aaed250,83b76d85-e553-478a-aa02-b1a722cbbadd
16-May-25,46:30.4,CME_Delayed,ZN Jun25,B,3,110'120,F,TT SIM,Trading,EChamo,EChamo,84f5f17f-c26d-42b1-a2c9-cd3a9a9d19ae,579cb676-659d-4191-9a0b-b1a808d0817e
16-May-25,46:30.4,CME_Delayed,ZN Jun25,B,7,110'120,P,TT SIM,Trading,EChamo,EChamo,84f5f17f-c26d-42b1-a2c9-cd3a9a9d19ae,579cb676-659d-4191-9a0b-b1a808d0817e
16-May-25,19:06.1,CME_Delayed,ZN Jun25,S,15,110'130,F,TT SIM,Trading,Eric,Eric,ecd790e9-57ef-478b-b316-9cf63a900adc,f4641ac0-5c08-421e-8b66-22f3c280e034
16-May-25,14:36.9,CME_Delayed,ZN Jun25,S,30,110'120,F,TT SIM,Trading,Eric,Eric,6eaf6398-09cb-40d1-be2f-8e3f194f2c4a,f4641ac0-5c08-421e-8b66-22f3c280e034
16-May-25,05:48.6,CME_Delayed,ZN Jun25,B,2,110'100,F,TT SIM,Trading,Eric,Eric,9c0805b1-a93a-4223-8c60-b2bc302dc569,f4641ac0-5c08-421e-8b66-22f3c280e034
16-May-25,05:48.6,CME_Delayed,ZN Jun25,B,25,110'100,P,TT SIM,Trading,Eric,Eric,9c0805b1-a93a-4223-8c60-b2bc302dc569,f4641ac0-5c08-421e-8b66-22f3c280e034
16-May-25,05:48.6,CME_Delayed,ZN Jun25,B,13,110'100,P,TT SIM,Trading,Eric,Eric,9c0805b1-a93a-4223-8c60-b2bc302dc569,f4641ac0-5c08-421e-8b66-22f3c280e034
16-May-25,01:20.2,CME_Delayed,ZN Jun25,B,20,110'115,F,TT SIM,Trading,Eric,Eric,8fd3d795-92dc-46bd-9e16-ba9e65ad3a80,f4641ac0-5c08-421e-8b66-22f3c280e034
16-May-25,56:13.8,CME_Delayed,ZN Jun25,B,10,110'130,F,TT SIM,Trading,Eric,Eric,278f680f-495b-44f8-b4ee-fd08f4970173,f4641ac0-5c08-421e-8b66-22f3c280e034
16-May-25,24:05.3,CME_Delayed,ZN Jun25,S,4,110'170,F,TT SIM,Trading,Eric,Eric,6b61662d-b936-4857-9666-d2ba98b00c36,79f8b7ed-cc92-4a5f-9966-d796a2a8f626
15-May-25,26:06.7,CME_Delayed,ZN Jun25,S,7,110'150,F,TT SIM,Trading,Eric,Eric,d0bea4d5-0413-4f21-bdf2-528ce20ab6da,79f8b7ed-cc92-4a5f-9966-d796a2a8f626
15-May-25,25:43.3,CME_Delayed,ZN Jun25,S,1,110'150,P,TT SIM,Trading,Eric,Eric,d0bea4d5-0413-4f21-bdf2-528ce20ab6da,79f8b7ed-cc92-4a5f-9966-d796a2a8f626
15-May-25,25:24.6,CME_Delayed,ZN Jun25,S,1,110'150,P,TT SIM,Trading,Eric,Eric,d0bea4d5-0413-4f21-bdf2-528ce20ab6da,79f8b7ed-cc92-4a5f-9966-d796a2a8f626
15-May-25,24:21.8,CME_Delayed,ZN Jun25,S,1,110'150,P,TT SIM,Trading,Eric,Eric,d0bea4d5-0413-4f21-bdf2-528ce20ab6da,79f8b7ed-cc92-4a5f-9966-d796a2a8f626
15-May-25,23:47.1,CME_Delayed,ZN Jun25,S,1,110'150,P,TT SIM,Trading,Eric,Eric,d0bea4d5-0413-4f21-bdf2-528ce20ab6da,79f8b7ed-cc92-4a5f-9966-d796a2a8f626
15-May-25,22:10.1,CME_Delayed,ZN Jun25,S,1,110'150,P,TT SIM,Trading,Eric,Eric,d0bea4d5-0413-4f21-bdf2-528ce20ab6da,79f8b7ed-cc92-4a5f-9966-d796a2a8f626
15-May-25,22:10.1,CME_Delayed,ZN Jun25,S,1,110'150,P,TT SIM,Trading,Eric,Eric,d0bea4d5-0413-4f21-bdf2-528ce20ab6da,79f8b7ed-cc92-4a5f-9966-d796a2a8f626
15-May-25,21:18.8,CME_Delayed,ZN Jun25,S,1,110'150,P,TT SIM,Trading,Eric,Eric,d0bea4d5-0413-4f21-bdf2-528ce20ab6da,79f8b7ed-cc92-4a5f-9966-d796a2a8f626
15-May-25,20:33.0,CME_Delayed,ZN Jun25,S,1,110'150,P,TT SIM,Trading,Eric,Eric,d0bea4d5-0413-4f21-bdf2-528ce20ab6da,79f8b7ed-cc92-4a5f-9966-d796a2a8f626
15-May-25,27:09.8,CME_Delayed,ZN Jun25,B,4,110'135,F,TT SIM,Trading,Eric,Eric,c2df7057-c89e-43d0-88a0-e8f19ee4f6dd,79f8b7ed-cc92-4a5f-9966-d796a2a8f626
15-May-25,27:09.8,CME_Delayed,ZN Jun25,B,16,110'135,P,TT SIM,Trading,Eric,Eric,c2df7057-c89e-43d0-88a0-e8f19ee4f6dd,79f8b7ed-cc92-4a5f-9966-d796a2a8f626
15-May-25,05:49.6,CME_Delayed,ZN Jun25,B,10,110'150,F,TT SIM,Trading,Eric,Eric,6943d23b-744f-4ceb-9b0b-6616b929ae0c,79f8b7ed-cc92-4a5f-9966-d796a2a8f626
15-May-25,40:16.0,CME_Delayed,ZN Jun25,S,4,110'130,F,TT SIM,Trading,Eric,Eric,32492242-384c-43db-825c-bbf4fd700854,f7b5959c-cdc9-4fe4-8349-a18a78beca7f
15-May-25,21:23.4,CME_Delayed,ZN Jun25,B,10,110'110,F,TT SIM,Trading,Eric,Eric,a168ac55-6c73-4b3f-a2bc-634cd0379b87,f7b5959c-cdc9-4fe4-8349-a18a78beca7f
15-May-25,01:02.5,CME_Delayed,ZN Jun25,B,10,110'125,F,TT SIM,Trading,Eric,Eric,b14ace61-a088-4816-851e-10131ba80b4b,9f357acb-2b13-45be-a700-70108f18f6ec
15-May-25,08:34.7,CME_Delayed,ZN Jun25,S,1,110'095,F,TT SIM,Trading,EChamo,EChamo,f7262fcd-51e0-455e-94ee-1708e48cdee9,4a03b9f4-fdfa-4d02-895d-a7c43dcaf99b
15-May-25,08:34.7,CME_Delayed,ZN Jun25,B,10,110'095,F,TT SIM,Trading,EChamo,EChamo,e9b8e5a9-52cb-4195-aebb-a6df4d525984,4a03b9f4-fdfa-4d02-895d-a7c43dcaf99b
15-May-25,01:41.1,CME_Delayed,ZN Jun25,B,10,110'100,F,TT SIM,Trading,EChamo,EChamo,e7e9d262-a3b1-4867-bf95-5066b879ab9c,ac916424-6647-4a2d-aba3-c74e31b4f950
15-May-25,36:15.7,CME_Delayed,ZN Jun25,S,15,110'100,F,TT SIM,Trading,Eric,Eric,a3343ea2-1f53-4d5c-bd2a-0a2e872b552c,d5474dbc-ed45-44e1-b036-60d65bc2da53
15-May-25,58:21.5,CME_Delayed,ZN Jun25,B,20,110'085,F,TT SIM,Trading,Eric,Eric,6a5e85ee-7317-49bc-94c0-8ccc9fa6a175,d5474dbc-ed45-44e1-b036-60d65bc2da53
15-May-25,05:40.3,CME_Delayed,ZN Jun25,B,10,110'100,F,TT SIM,Trading,Eric,Eric,5ab6e039-5134-481e-a8b6-0bb138be5560,d5474dbc-ed45-44e1-b036-60d65bc2da53
15-May-25,58:50.6,CME_Delayed,ZN Jun25,B,10,110'100,F,TT SIM,Trading,Eric,Eric,6314f0e3-dba4-4ada-b718-674284eee62f,c45a3dfa-05e3-4fa7-ab5d-a8b65d1f9544
15-May-25,07:51.2,CME_Delayed,ZN Jun25,S,4,109'225,F,TT SIM,Trading,Eric,Eric,dd9c4073-f5c5-4c3a-bef7-6a478665fdd2,bbb9e958-9d67-4338-a778-c7b5c4f58289
14-May-25,42:47.1,CME_Delayed,ZN Jun25,B,10,109'205,F,TT SIM,Trading,Eric,Eric,8d735146-32ce-4841-93b4-59d579c67c45,bbb9e958-9d67-4338-a778-c7b5c4f58289
13-May-25,44:56.3,CME_Delayed,ZN Jun25,S,4,110'020,F,TT SIM,Trading,Eric,Eric,fa572bed-e4a9-4ec8-9c8e-0d1ed1cca5f2,b7e2621b-4fe1-42bb-b5e2-f440253de846
13-May-25,20:19.6,CME_Delayed,ZN Jun25,B,10,109'305,F,TT SIM,Trading,Eric,Eric,f46f72fb-7f34-4b2f-a6be-df2ffb892939,b7e2621b-4fe1-42bb-b5e2-f440253de846
9-May-25,09:59.8,CME_Delayed,ZN Jun25,B,1,110'240,F,TT SIM,Trading,EChamo,EChamo,e81f5461-0909-4f61-ae6a-79472a469de1,9be7b8f0-f11e-4230-aaf5-333fec86e55e
9-May-25,09:59.8,CME_Delayed,ZN Jun25,B,9,110'240,P,TT SIM,Trading,EChamo,EChamo,e81f5461-0909-4f61-ae6a-79472a469de1,9be7b8f0-f11e-4230-aaf5-333fec86e55e
9-May-25,15:41.8,CME_Delayed,ZN Jun25,B,80,110'240,F,TT SIM,Trading,Eric,Eric,a6f7bf6e-5e37-4883-a486-5bfdfdff56a5,9d050e52-01a4-4fe5-aa2b-ef7c2f402615
9-May-25,14:15.8,CME_Delayed,ZN Jun25,B,40,110'255,F,TT SIM,Trading,Eric,Eric,2b6baafc-d599-4fd5-a82f-272e15969ccb,9d050e52-01a4-4fe5-aa2b-ef7c2f402615
8-May-25,32:13.7,CME_Delayed,ZN Jun25,S,15,110'240,F,TT SIM,Trading,Eric,Eric,9c5ff20c-15be-4e7f-8e1f-788fd66c6ab1,9d050e52-01a4-4fe5-aa2b-ef7c2f402615
8-May-25,31:03.1,CME_Delayed,ZN Jun25,B,20,110'225,F,TT SIM,Trading,Eric,Eric,cca2486d-0bd6-4e7d-8b0f-81f4dd4fb6c3,9d050e52-01a4-4fe5-aa2b-ef7c2f402615
8-May-25,50:10.1,CME_Delayed,ZN Jun25,S,4,110'260,F,TT SIM,Trading,Eric,Eric,52bb4e06-e233-45a7-b4a1-99afee02cc89,9d050e52-01a4-4fe5-aa2b-ef7c2f402615
8-May-25,38:04.6,CME_Delayed,ZN Jun25,B,10,110'240,F,TT SIM,Trading,Eric,Eric,3431c70d-67d9-4723-92bc-691f1b33c236,9d050e52-01a4-4fe5-aa2b-ef7c2f402615
8-May-25,36:02.4,CME_Delayed,ZN Jun25,B,10,110'245,F,TT SIM,Trading,Eric,Eric,51b5de18-be96-45bf-b9d2-2bd0aa07c1ac,813c44e4-abc5-4109-92e8-1a9164b0a244
8-May-25,35:19.8,CME_Delayed,ZN Jun25,B,10,110'250,F,TT SIM,Trading,EChamo,EChamo,bb99dd5c-1318-4280-93d0-77fd0098d731,8075bdf6-1db6-4402-bc31-3f724eced2b1
8-May-25,34:14.1,CME_Delayed,ZN Jun25,B,6,110'255,F,TT SIM,Trading,Eric,Eric,e01275f0-9cee-4841-a2c7-b3c11ff044cc,5d4402ed-b901-4833-a04b-fd93bc9bebcf
8-May-25,34:14.1,CME_Delayed,ZN Jun25,B,4,110'255,P,TT SIM,Trading,Eric,Eric,e01275f0-9cee-4841-a2c7-b3c11ff044cc,5d4402ed-b901-4833-a04b-fd93bc9bebcf
8-May-25,48:46.6,CME_Delayed,ZN Jun25,S,98,110'240,F,TT SIM,Trading,Eric,Eric,b6bd77c2-9fda-4db8-a117-862dfe3e8b9f,90af0f2f-666a-41a9-8199-58f39287340b
8-May-25,14:04.3,CME_Delayed,ZN Jun25,S,1,110'265,F,TT SIM,Trading,Eric,Eric,03b86a8d-f279-4179-bfbf-3752932b6358,90af0f2f-666a-41a9-8199-58f39287340b
8-May-25,02:19.9,CME_Delayed,ZN Jun25,B,40,110'290,F,TT SIM,Trading,Eric,Eric,659a7e53-a0be-460b-8f66-187faefffbd3,90af0f2f-666a-41a9-8199-58f39287340b
8-May-25,37:03.6,CME_Delayed,ZN Jun25,B,2,110'305,F,TT SIM,Trading,Eric,Eric,d07bb134-44e3-4868-9aef-2fbe53e8c483,90af0f2f-666a-41a9-8199-58f39287340b
8-May-25,37:03.5,CME_Delayed,ZN Jun25,B,2,110'305,P,TT SIM,Trading,Eric,Eric,d07bb134-44e3-4868-9aef-2fbe53e8c483,90af0f2f-666a-41a9-8199-58f39287340b
8-May-25,37:03.5,CME_Delayed,ZN Jun25,B,16,110'305,P,TT SIM,Trading,Eric,Eric,d07bb134-44e3-4868-9aef-2fbe53e8c483,90af0f2f-666a-41a9-8199-58f39287340b
8-May-25,31:26.5,CME_Delayed,ZN Jun25,B,7,111'000,F,TT SIM,Trading,Eric,Eric,65fd26af-7073-4a75-b28b-8ce9bbf6f1a4,90af0f2f-666a-41a9-8199-58f39287340b
8-May-25,31:26.4,CME_Delayed,ZN Jun25,B,1,111'000,P,TT SIM,Trading,Eric,Eric,65fd26af-7073-4a75-b28b-8ce9bbf6f1a4,90af0f2f-666a-41a9-8199-58f39287340b
8-May-25,31:26.4,CME_Delayed,ZN Jun25,B,10,111'000,P,TT SIM,Trading,Eric,Eric,65fd26af-7073-4a75-b28b-8ce9bbf6f1a4,90af0f2f-666a-41a9-8199-58f39287340b
8-May-25,26:47.0,CME_Delayed,ZN Jun25,B,1,111'015,F,TT SIM,Trading,SPatoliya,SPatoliya,9bfbd13e-d4a9-4202-a59c-a6a3966e38ef,
8-May-25,26:08.1,CME_Delayed,ZN Jun25,S,69,111'095,F,TT SIM,Trading,Eric,Eric,b7798960-0d34-4e4e-920d-d4d48967b413,d3853069-9424-414e-a163-75e5e522acd2
8-May-25,15:07.6,CME_Delayed,ZN Jun25,S,1,111'120,F,TT SIM,Trading,Eric,Eric,5585ce51-8be3-446a-bfaf-e85e45a091fa,d3853069-9424-414e-a163-75e5e522acd2
7-May-25,15:58.2,CME_Delayed,ZN Jun25,B,40,111'145,F,TT SIM,Trading,Eric,Eric,6e7e7866-a3be-4841-918d-8b01421dc463,d3853069-9424-414e-a163-75e5e522acd2
7-May-25,07:57.7,CME_Delayed,ZN Jun25,B,20,111'160,F,TT SIM,Trading,Eric,Eric,c6ab680c-d1ab-4077-a470-bee6bba369a6,d3853069-9424-414e-a163-75e5e522acd2
7-May-25,43:55.7,CME_Delayed,ZN Jun25,B,10,111'175,F,TT SIM,Trading,Eric,Eric,3d85c006-b0f1-4782-94bd-408f6ee52cb2,d3853069-9424-414e-a163-75e5e522acd2
7-May-25,22:17.6,CME_Delayed,ZN Jun25,S,15,111'070,F,TT SIM,Trading,Eric,Eric,df6d779c-37c7-4568-af09-b45b686ac654,acfba931-9779-49e6-9c9d-3785cc19c61c
7-May-25,14:52.3,CME_Delayed,ZN Jun25,B,20,111'050,F,TT SIM,Trading,Eric,Eric,53121e79-aad5-480e-8f63-64a75365b15b,acfba931-9779-49e6-9c9d-3785cc19c61c
6-May-25,17:50.3,CME_Delayed,ZN Jun25,S,4,111'085,F,TT SIM,Trading,Eric,Eric,43b95a0c-a848-4d5c-aa65-8913b389c594,acfba931-9779-49e6-9c9d-3785cc19c61c
6-May-25,54:16.5,CME_Delayed,ZN Jun25,B,10,111'065,F,TT SIM,Trading,Eric,Eric,ed204150-cc58-41c2-9722-86d68dc2522f,acfba931-9779-49e6-9c9d-3785cc19c61c
6-May-25,50:49.6,CME_Delayed,ZN Jun25,B,1,111'090,F,TT SIM,Trading,SPatoliya,SPatoliya,4d007678-19e2-4116-b852-dff37e8123c1,
